{"version":2,"metrics":{"unitsPerEm":2048,"ascender":0.96875,"descender":-0.2412109375,"capHeight":0.7275390625},"textureWidth":4096,"curveTexture":{"height":64,"byteOffset":0,"byteLength":4194304},"bandTexture":{"height":128,"byteOffset":4194304,"byteLength":8388608},"glyphs":{"byteOffset":12582912,"count":2868},"bands":{"byteOffset":12697632,"byteLength":677364},"cmap":{"byteOffset":13374996,"count":2818},"kern":{"byteOffset":13386268,"count":3378}}