{"version":4,"metrics":{"unitsPerEm":2048,"ascender":0.96875,"descender":-0.2412109375,"capHeight":0.7275390625,"underlinePosition":-0.169921875,"underlineThickness":0.068359375,"strikethroughPosition":0.32763671875,"strikethroughThickness":0.068359375,"subscriptScale":{"x":0.64990234375,"y":0.60009765625},"subscriptOffset":{"x":0,"y":-0.0751953125},"superscriptScale":{"x":0.64990234375,"y":0.60009765625},"superscriptOffset":{"x":0,"y":0.35009765625}},"textureWidth":4096,"curveTexture":{"height":64,"byteOffset":0,"byteLength":2097152},"bandTexture":{"height":256,"byteOffset":2097152,"byteLength":8388608},"glyphs":{"byteOffset":10485760,"count":2868},"bands":{"byteOffset":10600480,"byteLength":1094668},"cmap":{"byteOffset":11695148,"count":2818},"kern":{"byteOffset":11706420,"count":3378}}